Average cover per quadrat,,,,Stream,Quadrat,Species ,Species richness,,,,,,Unique species per stream,,,,,,,,,,,,,,,,,,,,,,,,,,,,,,,,,,,,,,,,,,,,,,,,,,,,,,,,,,,,,,,,,,,,,,,,,,,,,,,,,,,,,,,,,,,,,,
Stream,Quadrat,Average cover,,Mossom Creek,0,v_yellow_archangel,1,,,,,,,,,,,,,,,,,,,,,,,,,,,,,,,,,,,,,,,,,,,,,,,,,,,,,,,,,,,,,,,,,,,,,,,,,,,,,,,,,,,,,,,,Summary,,,,,,,,,,,,
Mossom Creek,0,0.064,,Mossom Creek,0,n_little_prince_pine,1,,,,,,Stream,Species,,,,,,,,,,,,,,,,,,,,,,,,,,,,,,,,,,,,,,,,,,,,,,,,,,,,,,,,,,,,,,,,,,,,,,,,Simpsons Diversity Index,,,,,,,,,Stream,EC classification,Chao1 (Richness),Variance Chao1,Simpsons Diversity Index,,,,,,,,
Mossom Creek,2.5,0.091,,Mossom Creek,0,n_salmonberry,1,,,,,,Mosson,"v_yellow_archangel,n_little_prince_pine,n_salmonberry,n_osoberry,0,n_sword_fern,n_herb_robert,v_periwinkle,i_daffodil,u_sedge",,,,,,,,,,,,,,,,,,,,,,,,0,,,,,,,,,,,,,,,,,,,,,,,,,,,,,,,,,,,,,,,,,,,,,,,,,,,,,,,,,Mosson,Low,15,2.888888889,0.712310993,,,,,,,,
Mossom Creek,5,0.403,,Mossom Creek,0,n_salmonberry,1,,,,,,Noon,"n_sword_fern,v_blackberry,n_osoberry,0,u_groundcover,u_sedge,i_creeping_buttercup",,,,,,,,,,,,,,,,,,,,,,,,i_creeping_buttercup,,,,,,,,,,,,,,,,,,,,,,,,,,,,,,,,,,,,,,,,,,,,,,,,,,,,,,,,,Noons,Low,6,0,0.536587683,,,,,,,,
Noons Creek,0,0.178,,Mossom Creek,0,"n_osoberry, n_salmonberry",2,,,,,,Rogers,"n_red_huckleberry,i_wall_lettuce,n_salal,0,n_sword_fern,v_english_holly,v_english_ivy,v_spurge_laurel,v_trailing_blackberry",,,,,,,,,,,,,,,,,,,,,,,,n_bladder_fern,,,,,,,,,,,,,,,,,,,,,,,,,,,,,,,,,,,,,,,,,,,,,,,,,,,,,,,,,Rogers,Low,11,4,0.53972185,,,,,,,,
Noons Creek,2.5,0.368,,Mossom Creek,0,0,0,,,,,,Hoy,"0,n_osoberry,v_cherry_laurel,v_english_holly,u_groundcover,i_stinging_nettle",,,,,,,,,,,,,,,,,,,,,,,,n_catch_weed_bedstraw,,,,,,,,,,,,,,,,,,,,,,,,,,,,,,,,,,,,,,,,,,,,,,,,,,,,,,,,,Hoy,High,5.5,0.520833333,0.595,,,,,,,,
Noons Creek,5,0.016,,Mossom Creek,0,0,0,,,,,,Stoney,"n_sword_fern,v_cherry_laurel,0,n_bladder_fern,n_osoberry,i_creeping_buttercup,n_catch_weed_bedstraw",,,,,,,,,,,,,,,,,,,,,,,,n_osoberry,,,,,,,,,,,,,,,,,,,,,,,,,,,,,,,,,,,,,,,,,,,,,,,,,,,,,,,,,Stoney,High,12.75,0.79296875,0.352711629,,,,,,,,
Rodgers Creek,0,0.142,,Mossom Creek,0,0,0,,,,,,Eagle,"v_spurge_laurel,0,v_english_holly,n_herb_robert,u_woody,u_sedge,u_woodrush,n_twinflower,i_foxglove,u_watercress,v_periwinkle,i_creeping_buttercup,n_osoberry,i_wall_lettuce,n_sword_fern",,,,,,,,,,,,,,,,,,,,,,,,n_sword_fern,,,,,,,,,,,,,,,,,,,,,,,,,,,,,,,,,,,,,,,,,,,,,,,,"Chapter 13, Species Diversity Measures",,,,,,,,,Eagle,High,10.75,0.79296875,0.843032221,,,,,,,,
Rodgers Creek,2.5,0.3,,Mossom Creek,0,n_sword_fern,1,,,,,,,,,,,,,,,,,,,,,,,,,,,,,,,v_cherry_laurel,,,,,,,,,,,,,,,,,,,,,,,,,,,,,,,,,,,,,,,,,,,,,,,,"This can be used with cover data and on >30 quadrats, less quadrats will be biased",,,,,,,,,,,,,,,,,,,,,
Rodgers Creek,5,0.35,,Mossom Creek,0,n_sword_fern,1,,,,,,Species richness,,,,,,,,,,,,,,,,,,,,,,,,,,,,,,,,,,,Relative abundance calculation,,,,,,,,,,,,,,,,,,,,,,,,,,,,,,,,,,,,,,,,,,,,,,,,,,,,,,,,,,,
Hoy Creek,0,0.012,,Mossom Creek,2.5,v_yellow_archangel,1,,,,,,"Quadrat sampling (presence, no presence, uniqueness). Since we do not have count of individual per species, this calculation will estimate the species richness from presence or absence data. For every quadrat, if there was percent cover recorded for a species, then 1 will be returned, if there was 0% cover of the species, then it will return 0. Schao is the estimator, and depeneds on the rare species observed. So it depends on the species that only have one observation and the species that have 2 observations.  Obtained from: https://www.zoology.ubc.ca/~krebs/downloads/krebs_chapter_13_2017.pdf",,,,,,,,,,,,,,,,,,,,,,,,,,,,,,,,,,,Returned percent cover per specie on each quadrat. Then calculated the average percent cover for each species from all quadrats. From this calculated the relative abundace by dividing the average cover per species over the total cover,,,,,,,,,,,,,,,,,,,,,,,,,,,,,,,,,,,,,,,,,,,,,,,,,,,,,,,,,,,
Hoy Creek,2.5,0.005,,Mossom Creek,2.5,v_yellow_archangel,1,,,,,,,,,,,,,,,,,,,,,,,,,,,,,,,,,,,,,,,,,,,,,,,,,,,,,,,,,,,,,,,,,,,,,,,,,,,,,,,,,,,,,,,,,,,,,,,,,,,,
Hoy Creek,5,0.004,,Mossom Creek,2.5,v_yellow_archangel,1,,,,,,Mosson Creek,,,,,,,,,,,,,,,,,,,,,,,,,,,,,,,,,,,Mosson Creek,,,,,,,,,,,,,,,,,,,,,,,,,,,,,,,,,,,,,,Mosson Creek,,,,,,,,,,,,,,,,,,,,,
Stoney Creek,0,0.458,,Mossom Creek,2.5,"n_salmonberry, v_yellow_archangel",2,,,,,,Species,Quadrat,,,,,,,,,,,,,,,,,,,,,,,,,,,,,,Row Sum,,,,Species,Quadrat,,,,,,,,,,,,,,,,,,,,,,,,,,,,,,Average percent cover,Relative abundace/ Proportion,,,,,,,,,,,,,,,,,,,,,,,,,,,
Stoney Creek,2.5,0.321,,Mossom Creek,2.5,"n_salmonberry, v_yellow_archangel",2,,,,,,,1,2,3,4,5,6,7,8,9,10,11,12,13,14,15,16,17,18,19,20,21,22,23,24,25,26,27,28,29,30,,,,,,1,2,3,4,5,6,7,8,9,10,11,12,13,14,15,16,17,18,19,20,21,22,23,24,25,26,27,28,29,30,,,Rank,,,,,p,p^2,,,,,,,,,,,,,,,,,,,,
Stoney Creek,5,0.24,,Mossom Creek,2.5,"v_yellow_archangel, v_english_ivy",2,,,,,,v_yellow_archangel,1,0,0,0,0,0,0,0,0,0,1,1,1,1,1,1,1,0,0,0,1,1,1,0,1,1,1,1,1,1,17,,,,v_yellow_archangel,0.01,0,0,0,0,0,0,0,0,0,0.16,0.11,0.01,0.01,0.01,0.09,0.08,0,0,0,0.25,0.07,0.2,0,0.03,0.28,0.3,0.32,0.34,0.37,0.088,0.47311828,1,,,,,0.47311828,0.223840906,,,,,,,,,,,,,,,,,,,,
Eagle Creek,0,0.078,,Mossom Creek,2.5,"v_yellow_archangel, v_english_ivy, n_brittle_cinder",3,,,,,,n_little_prince_pine,0,1,0,0,0,0,0,0,0,0,0,0,0,0,0,0,0,0,0,0,0,0,0,0,0,0,0,0,0,0,1,,,,n_little_prince_pine,0,0.01,0,0,0,0,0,0,0,0,0,0,0,0,0,0,0,0,0,0,0,0,0,0,0,0,0,0,0,0,0.000333333,0.001792115,13,,,,,0.001792115,3.21E-06,,Simpsons diversity,0.712310993,,,,,,,,,,,,,,,,,
Eagle Creek,2.5,0.073,,Mossom Creek,2.5,"n_sword_fern, v_english_ivy",2,,,,,,n_osoberry,0,0,0,0,1,0,0,0,0,0,0,0,0,0,0,0,0,0,0,0,0,1,1,1,1,0,0,0,0,0,5,,,,n_osoberry,0,0,0,0,0.02,0,0,0,0,0,0,0,0,0,0,0,0,0,0,0,0,0.03,0.03,0.18,0.23,0,0,0,0,0,0.016333333,0.08781362,4,,,,,0.08781362,0.007711232,,,,,,,,,,,,,,,,,,,,
Eagle Creek,5,0.071,,Mossom Creek,2.5,"n_herb_robert, v_english_ivy",2,,,,,,n_salmonberry,0,0,1,1,1,0,0,0,0,0,0,0,0,1,1,0,0,0,0,0,1,1,0,0,0,0,1,1,0,1,10,,,,n_salmonberry,0,0,0.01,0.05,0.02,0,0,0,0,0,0,0,0,0.01,0.01,0,0,0,0,0,0.01,0.01,0,0,0,0,0.01,0.01,0,0.04,0.006,0.032258065,5,,,,,0.032258065,0.001040583,,,,,,,,,,,,,,,,,,,,
,,,,Mossom Creek,2.5,"n_herb_robert, n_youth_on_age",2,,,,,,n_sword_fern,0,0,0,0,0,0,0,0,1,1,0,0,0,0,0,0,0,1,0,0,0,0,0,0,0,0,0,0,0,0,3,,,,n_sword_fern,0,0,0,0,0,0,0,0,0.12,0.4,0,0,0,0,0,0,0,0.01,0,0,0,0,0,0,0,0,0,0,0,0,0.017666667,0.094982079,3,,,,,0.094982079,0.009021595,,,,,,,,,,,,,,,,,,,,
,,,,Mossom Creek,5,"v_periwinkle, n_salmonberry, i_daffodil, v_yellow_archangel, v_english_ivy",5,,,,,,n_herb_robert,0,0,0,0,0,0,0,0,0,0,0,0,0,0,0,0,0,0,1,1,0,0,0,0,0,0,0,0,0,0,2,,,,n_herb_robert,0,0,0,0,0,0,0,0,0,0,0,0,0,0,0,0,0,0,0.01,0.01,0,0,0,0,0,0,0,0,0,0,0.000666667,0.003584229,11,,,,,0.003584229,1.28E-05,,,,,,,,,,,,,,,,,,,,
,,,,Mossom Creek,5,"n_osoberry, n_salmonberry, v_yellow_archangel, v_english_ivy",4,,,,,,v_periwinkle,0,0,0,0,0,0,0,0,0,0,0,0,0,0,0,0,0,0,0,0,1,0,0,0,0,0,1,0,0,0,2,,,,v_periwinkle,0,0,0,0,0,0,0,0,0,0,0,0,0,0,0,0,0,0,0,0,0.05,0,0,0,0,0,0.01,0,0,0,0.002,0.010752688,10,,,,,0.010752688,0.00011562,,,,,,,,,,,,,,,,,,,,
,,,,Mossom Creek,5,"n_osoberry, v_yellow_archangel, v_english_ivy, n_licorice_fern",4,,,,,,i_daffodil,0,0,0,0,0,0,0,0,0,0,0,0,0,0,0,0,0,0,0,0,1,0,0,0,0,1,1,0,0,0,3,,,,i_daffodil,0,0,0,0,0,0,0,0,0,0,0,0,0,0,0,0,0,0,0,0,0.02,0,0,0,0,0.01,0.04,0,0,0,0.002333333,0.012544803,8,,,,,0.012544803,0.000157372,,,,,,,,,,,,,,,,,,,,
,,,,Mossom Creek,5,"n_osoberry, v_english_ivy",2,,,,,,u_sedge,0,0,0,0,0,0,0,0,0,0,0,0,0,0,0,0,0,0,0,0,0,0,0,0,0,0,0,0,0,1,1,,,,u_sedge,0,0,0,0,0,0,0,0,0,0,0,0,0,0,0,0,0,0,0,0,0,0,0,0,0,0,0,0,0,0.02,0.000666667,0.003584229,12,,,,,0.003584229,1.28E-05,,,,,,,,,,,,,,,,,,,,
,,,,Mossom Creek,5,"n_osoberry, v_yellow_archangel, v_english_ivy",3,,,,,,v_english_ivy,0,0,0,0,0,0,0,0,0,0,0,0,0,0,0,1,1,1,1,0,1,1,1,1,1,0,0,0,0,0,9,,,,v_english_ivy,0,0,0,0,0,0,0,0,0,0,0,0,0,0,0,0.01,0.18,0.03,0.01,0,0.18,0.27,0.09,0.18,0.22,0,0,0,0,0,0.039,0.209677419,2,,,,,0.209677419,0.04396462,,,,,,,,,,,,,,,,,,,,
,,,,Mossom Creek,5,"i_daffodil, v_yellow_archangel",2,,,,,,n_brittle_cinder,0,0,0,0,0,0,0,0,0,0,0,0,0,0,0,0,1,0,0,0,0,0,0,0,0,0,0,0,0,0,1,,,,n_brittle_cinder,0,0,0,0,0,0,0,0,0,0,0,0,0,0,0,0,0.15,0,0,0,0,0,0,0,0,0,0,0,0,0,0.005,0.02688172,7,,,,,0.02688172,0.000722627,,,,,,,,,,,,,,,,,,,,
,,,,Mossom Creek,5,"v_periwinkle, n_salmonberry, i_daffodil, v_yellow_archangel",4,,,,,,n_youth_on_age,0,0,0,0,0,0,0,0,0,0,0,0,0,0,0,0,0,0,0,1,0,0,0,0,0,0,0,0,1,1,3,,,,n_youth_on_age,0,0,0,0,0,0,0,0,0,0,0,0,0,0,0,0,0,0,0,0.01,0,0,0,0,0,0,0,0,0.05,0.01,0.002333333,0.012544803,9,,,,,0.012544803,0.000157372,,,,,,,,,,,,,,,,,,,,
,,,,Mossom Creek,5,"n_salmonberry, v_yellow_archangel",2,,,,,,n_licorice_fern,0,0,0,0,0,0,0,0,0,0,0,0,0,0,0,0,0,0,0,0,0,0,1,0,0,0,0,0,0,0,1,,,,n_licorice_fern,0,0,0,0,0,0,0,0,0,0,0,0,0,0,0,0,0,0,0,0,0,0,0.17,0,0,0,0,0,0,0,0.005666667,0.03046595,6,,,,,0.03046595,0.000928174,,,,,,,,,,,,,,,,,,,,
,,,,Mossom Creek,5,"v_yellow_archangel, n_youth_on_age",2,,,,,,,,,,,,,,,,,,,,,,,,,,,,,,,,,,,,,,,,,,,,,,,,,,,,,,,,,,,,,,,,,,,,,,,,,,,,,,,,,,,,,,,,,,,,,,,,,,,,
,,,,Mossom Creek,5,"u_sedge, n_salmonberry, v_yellow_archangel, n_youth_on_age",4,,,,,,,s,13,,S,16.86666667,,,,S,13,,Schao,15,CI,15+-,3.659673171,,,,,,,,,,,,,,,,,,,,,,,,,,,,,,,,,,,,,,,,,,,,,,,,,Total percent cover,0.186,,,,,,,Sum,0.287689007,,,,,,,,,,,,,,,,,,,,
,,,,Noons Creek,0,"n_sword_fern, v_blackberry",2,,,,,,,n,30,,,,,,,f1,4,,,,,,,,,,,,,,,,,,,,,,,,,,,,,,,,,,,,,,,,,,,,,,,,,,,,,,,,,,,,,,,,,,,,,,,,,,,,,,,,,,,,
,,,,Noons Creek,0,"n_sword_fern, v_blackberry",2,,,,,,,k,4,,,,,,,f2,2,,Var,2.888888889,,,,,,,,,,,,,,,,,,,,,,,,,,,,,,,,,,,,,,,,,,,,,,,,,,,,,,,,,,,,,,,,,,,,,,,,,,,,,,,,,
,,,,Noons Creek,0,v_blackberry,1,,,,,,,,,,,,,,,,,,,,,,,,,,,,,,,,,,,,,,,,,,,,,,,,,,,,,,,,,,,,,,,,,,,,,,,,,,,,,,,,,,,,,,,,,,,,,,,,,,,,
,,,,Noons Creek,0,v_blackberry,1,,,,,,Noons Creek,,,,,,,,,,,,,,,,,,,,,,,,,,,,,,,,,,,Noons Creek,,,,,,,,,,,,,,,,,,,,,,,,,,,,,,,,,,,,,,Noons Creek,,,,,,,,,,,,,,,,,,,,,
,,,,Noons Creek,0,n_osoberry,1,,,,,,Species,Quadrat,,,,,,,,,,,,,,,,,,,,,,,,,,,,,,Row Sum,,,,Species,Quadrat,,,,,,,,,,,,,,,,,,,,,,,,,,,,,,Average percent cover,Relative abundace/ Proportion,,,,,,,,,,,,,,,,,,,,,,,,,,,
,,,,Noons Creek,0,v_blackberry,1,,,,,,,1,2,3,4,5,6,7,8,9,10,11,12,13,14,15,16,17,18,19,20,21,22,23,24,25,26,27,28,29,30,,,,,,1,2,3,4,5,6,7,8,9,10,11,12,13,14,15,16,17,18,19,20,21,22,23,24,25,26,27,28,29,30,,,Rank,,,,,p,p^2,,,,,,,,,,,,,,,,,Rank Abundance,,,
,,,,Noons Creek,0,v_blackberry,1,,,,,,n_sword_fern,1,1,0,0,0,0,0,0,0,0,1,1,1,1,0,0,0,0,0,0,0,0,0,0,0,0,0,0,0,0,6,,,,n_sword_fern,0.02,0.14,0,0,0,0,0,0,0,0,1,1,1,0.04,0,0,0,0,0,0,0,0,0,0,0,0,0,0,0,0,0.106666667,0.569395018,1,,,,,0.569395018,0.324210686,,,,,,,,,,,,,,,,,,,,
,,,,Noons Creek,0,v_blackberry,1,,,,,,v_blackberry,1,1,1,1,0,1,1,1,1,1,0,0,0,0,0,0,1,1,1,1,0,1,1,0,0,0,0,0,0,0,15,,,,v_blackberry,0.2,0.25,0.4,0.36,0,0.1,0.05,0.06,0.04,0.01,0,0,0,0,0,0,0.17,0.07,0.21,0.11,0,0.02,0.03,0,0,0,0,0,0,0,0.069333333,0.370106762,2,,,,,0.370106762,0.136979015,,Simpsons diversity,0.536587683,,,,,,,,,,,,,,Mossom Creek,,,
,,,,Noons Creek,0,"n_osoberry, v_blackberry",2,,,,,,n_osoberry,0,0,0,0,1,0,0,0,1,0,0,0,0,1,0,0,0,0,0,1,0,1,0,1,0,0,0,0,0,0,6,,,,n_osoberry,0,0,0,0,0.09,0,0,0,0.06,0,0,0,0,0.06,0,0,0,0,0,0.01,0,0.01,0,0.03,0,0,0,0,0,0,0.008666667,0.046263345,3,,,,,0.046263345,0.002140297,,,,,,,,,,,,,,,,,,,,
,,,,Noons Creek,0,v_blackberry,1,,,,,,u_groundcover,0,0,0,0,0,0,0,0,0,0,0,0,0,0,0,1,0,0,0,0,1,0,0,1,0,0,0,0,0,0,3,,,,u_groundcover,0,0,0,0,0,0,0,0,0,0,0,0,0,0,0,0.01,0,0,0,0,0.01,0,0,0.02,0,0,0,0,0,0,0.001333333,0.007117438,4,,,,,0.007117438,5.07E-05,,,,,,,,,,,,,,,,,,,,
,,,,Noons Creek,2.5,n_sword_fern,1,,,,,,u_sedge,0,0,0,0,0,0,0,0,0,0,0,0,0,0,0,0,0,0,0,0,0,0,0,0,1,0,0,0,0,0,1,,,,u_sedge,0,0,0,0,0,0,0,0,0,0,0,0,0,0,0,0,0,0,0,0,0,0,0,0,0.01,0,0,0,0,0,0.000333333,0.001779359,6,,,,,0.001779359,3.17E-06,,,,,,,,,,,,,,,,,Abundance,Relative abundance,Rank,Cummulative abundance
,,,,Noons Creek,2.5,n_sword_fern,1,,,,,,i_creeping_buttercup,0,0,0,0,0,0,0,0,0,0,0,0,0,0,0,0,0,0,0,0,0,1,0,0,0,0,0,0,0,1,2,,,,i_creeping_buttercup,0,0,0,0,0,0,0,0,0,0,0,0,0,0,0,0,0,0,0,0,0,0.02,0,0,0,0,0,0,0,0.01,0.001,0.005338078,5,,,,,0.005338078,2.85E-05,,,,,,,,,,,,,,,,,0.47311828,47.311828,1,47.311828
,,,,Noons Creek,2.5,n_sword_fern,1,,,,,,,,,,,,,,,,,,,,,,,,,,,,,,,,,,,,,,,,,,,,,,,,,,,,,,,,,,,,,,,,,,,,,,,,,,,,,,,,,,,,,,,,,,,,,,,,,0.209677419,20.9677419,2,68.2795699
,,,,Noons Creek,2.5,"n_osoberry, n_sword_fern",2,,,,,,,,,,,,,,,S,6,,Schao,6,,6+-,0,,,,,,,,,,,,,,,,,,,,,,,,,,,,,,,,,,,,,,,,,,,,,,,,,Total percent cover,0.187333333,,,,,,,Sum,0.463412317,,,,,,,,,,,,,,,,,0.094982079,9.4982079,3,77.7777778
,,,,Noons Creek,2.5,0,0,,,,,,,s,6,,S,6.966666667,,,,f1,1,,,,,,,,,,,,,,,,,,,,,,,,,,,,,,,,,,,,,,,,,,,,,,,,,,,,,,,,,,,,,,,,,,,,,,,,,,,,,,,,,0.08781362,8.781362,4,86.5591398
,,,,Noons Creek,2.5,u_groundcover,1,,,,,,,n,30,,,,,,,f2,1,,Var,0,,,,,,,,,,,,,,,,,,,,,,Rogers Creek,,,,,,,,,,,,,,,,,,,,,,,,,,,,,,,,,,,,,,Rogers Creek,,,,,,,,,,,,,,,,,,0.032258065,3.2258065,5,89.7849463
,,,,Noons Creek,2.5,v_blackberry,1,,,,,,,k,1,,,,,,,,,,,,,,,,,,,,,,,,,,,,,,,,,Species,Quadrat,,,,,,,,,,,,,,,,,,,,,,,,,,,,,,Average percent cover,Relative abundace/ Proportion,,,,,,,,,,,,,,,,,,,,,,,,0.03046595,3.046595,6,92.8315413
,,,,Noons Creek,2.5,v_blackberry,1,,,,,,,,,,,,,,,,,,,,,,,,,,,,,,,,,,,,,,,,,,1,2,3,4,5,6,7,8,9,10,11,12,13,14,15,16,17,18,19,20,21,22,23,24,25,26,27,28,29,30,,,Rank,,,,,p,p^2,,,,,,,,,,,,,,,,,0.02688172,2.688172,7,95.5197133
,,,,Noons Creek,2.5,v_blackberry,1,,,,,,,,,,,,,,,,,,,,,,,,,,,,,,,,,,,,,,,,,n_red_huckleberry,0.04,0,0,0,0,0,0.05,0,0,0,0,0.04,0.14,0.18,0,0,0,0,0,0,0.16,0.08,0,0,0,0.16,0.2,0.45,0.23,0,0.057666667,0.220101781,2,,,,,0.220101781,0.048444794,,,,,,,,,,,,,,,,,0.012544803,1.2544803,8,96.7741936
,,,,Noons Creek,2.5,"n_osoberry, v_blackberry",2,,,,,,,,,,,,,,,,,,,,,,,,,,,,,,,,,,,,,,,,,i_wall_lettuce,0,0.02,0,0,0,0,0,0,0,0,0,0,0,0,0,0,0,0,0,0,0,0,0,0,0,0,0,0,0,0,0.000666667,0.002544529,6,,,,,0.002544529,6.47E-06,,Simpsons diversity,0.53972185,,,,,,,,,,,,,,0.012544803,1.2544803,9,98.0286739
,,,,Noons Creek,5,u_groundcover,1,,,,,,,,,,,,,,,,,,,,,,,,,,,,,,,,,,,,,,,,,n_salal,0,0.4,0.35,0.17,0.18,0,0,0,0,0.04,0.18,0,0.15,0.2,0,0.45,0.3,0.6,0.22,0.09,0.15,0.16,0.6,0.14,0.02,0.05,0.44,0.1,0,0,0.166333333,0.634860051,1,,,,,0.634860051,0.403047284,,,,,,,,,,,,,,,,,0.010752688,1.0752688,10,99.1039427
,,,,Noons Creek,5,"n_osoberry, i_creeping_buttercup, v_blackberry",3,,,,,,Rogers Creek,,,,,,,,,,,,,,,,,,,,,,,,,,,,,,,,,,,n_sword_fern,0,0,0,0,0,0,0,0,0.05,0,0,0,0,0,0.03,0,0.02,0,0,0.01,0,0,0.01,0,0.19,0,0,0.06,0,0,0.012333333,0.047073791,4,,,,,0.047073791,0.002215942,,,,,,,,,,,,,,,,,0.003584229,0.3584229,11,99.4623656
,,,,Noons Creek,5,v_blackberry,1,,,,,,Species,Quadrat,,,,,,,,,,,,,,,,,,,,,,,,,,,,,,Row Sum,,,,v_english_holly,0,0,0,0,0,0,0,0,0,0,0,0,0,0,0,0,0.02,0,0,0,0,0,0,0,0,0,0,0,0,0,0.000666667,0.002544529,7,,,,,0.002544529,6.47E-06,,,,,,,,,,,,,,,,,0.003584229,0.3584229,12,99.8207885
,,,,Noons Creek,5,"u_groundcover, n_osoberry",2,,,,,,,1,2,3,4,5,6,7,8,9,10,11,12,13,14,15,16,17,18,19,20,21,22,23,24,25,26,27,28,29,30,,,,,v_english_ivy,0,0,0,0,0,0,0,0,0,0,0,0,0,0,0,0,0,0,0.04,0.04,0,0,0,0.01,0,0,0,0,0,0,0.003,0.011450382,5,,,,,0.011450382,0.000131111,,,,,,,,,,,,,,,,,0.001792115,0.1792115,13,100
,,,,Noons Creek,5,u_sedge,1,,,,,,n_red_huckleberry,1,0,0,0,0,0,1,0,0,0,0,1,1,1,0,0,0,0,0,0,1,1,0,0,0,1,1,1,1,0,11,,,,v_spurge_laurel,0,0,0,0,0,0,0,0,0,0,0,0,0,0,0,0,0,0,0,0.01,0,0,0,0,0,0,0,0,0,0,0.000333333,0.001272265,8,,,,,0.001272265,1.62E-06,,,,,,,,,,,,,,,,,,,,
,,,,Noons Creek,5,0,0,,,,,,i_wall_lettuce,0,1,0,0,0,0,0,0,0,0,0,0,0,0,0,0,0,0,0,0,0,0,0,0,0,0,0,0,0,0,1,,,,v_trailing_blackberry,0,0.02,0,0.03,0.07,0,0,0,0,0,0,0,0,0,0.02,0.04,0.03,0.03,0.1,0,0.12,0,0,0,0.01,0.07,0.03,0,0,0.06,0.021,0.080152672,3,,,,,0.080152672,0.006424451,,,,,,,,,,,,,,,,,,,,
,,,,Noons Creek,5,0,0,,,,,,n_salal,0,1,1,1,1,0,0,0,0,1,1,0,1,1,0,1,1,1,1,1,1,1,1,1,1,1,1,1,0,0,21,,,,,,,,,,,,,,,,,,,,,,,,,,,,,,,,,,,,,,,,,,,,,,,,,,,,,,,,,,,,,,,
,,,,Noons Creek,5,0,0,,,,,,n_sword_fern,0,0,0,0,0,0,0,0,1,0,0,0,0,0,1,0,1,0,0,1,0,0,1,0,1,0,0,1,0,0,7,,,,,,,,,,,,,,,,,,,,,,,,,,,,,,,,,,Total percent cover,0.262,,,,,,,Sum,0.46027815,,,,,,,,,,,,,,,,,Noons Creek,,,
,,,,Noons Creek,5,0,0,,,,,,v_english_holly,0,0,0,0,0,0,0,0,0,0,0,0,0,0,0,0,1,0,0,0,0,0,0,0,0,0,0,0,0,0,1,,,,,,,,,,,,,,,,,,,,,,,,,,,,,,,,,,,,,,,,,,,,,,,,,,,,,,,,,,,, ,,,
,,,,Noons Creek,5,i_creeping_buttercup,1,,,,,,v_english_ivy,0,0,0,0,0,0,0,0,0,0,0,0,0,0,0,0,0,0,1,1,0,0,0,1,0,0,0,0,0,0,3,,,,,,,,,,,,,,,,,,,,,,,,,,,,,,,,,,,,,,,,,,,,,,,,,,,,,,,,,,,,Abundance,Relative abundance,Rank,Cummulative abundance
,,,,Rodgers Creek,0,n_red_huckleberry,1,,,,,,v_spurge_laurel,0,0,0,0,0,0,0,0,0,0,0,0,0,0,0,0,0,0,0,1,0,0,0,0,0,0,0,0,0,0,1,,,,,,,,,,,,,,,,,,,,,,,,,,,,,,,,,,,,,,,,,,,,,,,,,,,,,,,,,,,,0.569395018,56.9395018,1,56.9395018
,,,,Rodgers Creek,0,"i_wall_lettuce, n_salal, v_trailing_blackberry",3,,,,,,v_trailing_blackberry,0,1,0,1,1,0,0,0,0,0,0,0,0,0,1,1,1,1,1,0,1,0,0,0,1,1,1,0,0,1,13,,,,,,,,,,,,,,,,,,,,,,,,,,,,,,,,,,,,,,,,,,,,,,,,,,,,,,,,,,,,0.370106762,37.0106762,2,93.950178
,,,,Rodgers Creek,0,n_salal,1,,,,,,,,,,,,,,,,,,,,,,,,,,,,,,,,,,,,,,,,,,,,,,,,,,,,,,,,,,,,,,,,,,,,,,,,,,,,,,,,,,,,,,,,,,,,,,,,,0.046263345,4.6263345,3,98.5765125
,,,,Rodgers Creek,0,"n_salal, v_trailing_blackberry",2,,,,,,,s,8,,S,10.9,,,,S,8,,Schao,11,,11+-,3.92,,,,,,,,,,,,,,,,,,,,,,,,,,,,,,,,,,,,,,,,,,,,,,,,,,,,,,,,,,,,,,,,,,,,,,,,,,,0.007117438,0.7117438,4,99.2882563
,,,,Rodgers Creek,0,"n_salal, v_trailing_blackberry",2,,,,,,,n,30,,,,,,,f1,3,,,,,,,,,,,,,,,,,,,,,,,,,,,,,,,,,,,,,,,,,,,,,,,,,,,,,,,,,,,,,,,,,,,,,,,,,,,,,,,,,0.005338078,0.5338078,5,99.8220641
,,,,Rodgers Creek,0,0,0,,,,,,,k,3,,,,,,,f2,0,,Var,4,,,,,,,,,,,,,,,,,,,,,,,,,,,,,,,,,,,,,,,,,,,,,,,,,,,,,,,,,,,,,,,,,,,,,,,,,,,,,,0.001779359,0.1779359,6,100
,,,,Rodgers Creek,0,n_red_huckleberry,1,,,,,,,,,,,,,,,,,,,,,,,,,,,,,,,,,,,,,,,,,,,,,,,,,,,,,,,,,,,,,,,,,,,,,,,,,,,,,,,,,,,,,,,,,,,,,,,,,,,,
,,,,Rodgers Creek,0,0,0,,,,,,,,,,,,,,,,,,,,,,,,,,,,,,,,,,,,,,,,,,,,,,,,,,,,,,,,,,,,,,,,,,,,,,,,,,,,,,,,,,,,,,,,,,,,,,,,,,,,
,,,,Rodgers Creek,0,n_sword_fern,1,,,,,,,,,,,,,,,,,,,,,,,,,,,,,,,,,,,,,,,,,,,,,,,,,,,,,,,,,,,,,,,,,,,,,,,,,,,,,,,,,,,,,,,,,,,,,,,,,Rodgers Creek,,,
,,,,Rodgers Creek,0,n_salal,1,,,,,,,,,,,,,,,,,,,,,,,,,,,,,,,,,,,,,,,,,,,,,,,,,,,,,,,,,,,,,,,,,,,,,,,,,,,,,,,,,,,,,,,,,,,,,,,,,,,,
,,,,Rodgers Creek,2.5,n_salal,1,,,,,,,,,,,,,,,,,,,,,,,,,,,,,,,,,,,,,,,,,,,,,,,,,,,,,,,,,,,,,,,,,,,,,,,,,,,,,,,,,,,,,,,,,,,,,,,,,Abundance ,Relative abundance,Rank,Cummulative abundance
,,,,Rodgers Creek,2.5,"n_red_huckleberry, n_spreading_wood_fern",2,,,,,,Hoy Creek,,,,,,,,,,,,,,,,,,,,,,,,,,,,,,,,,,,Hoy Creek,,,,,,,,,,,,,,,,,,,,,,,,,,,,,,,,,,,,,,Hoy Creek,,,,,,,,,,,,,,,,,,0.634860051,63.4860051,1,63.4860051
,,,,Rodgers Creek,2.5,"n_salal, n_red_huckleberry",2,,,,,,Species,Quadrat,,,,,,,,,,,,,,,,,,,,,,,,,,,,,,Row Sum,,,,Species,Quadrat,,,,,,,,,,,,,,,,,,,,,,,,,,,,,,Average percent cover,Relative abundace/ Proportion,,,,,,,,,,,,,,,,,,,,,,,,0.220101781,22.0101781,2,85.4961832
,,,,Rodgers Creek,2.5,"n_salal, n_red_huckleberry",2,,,,,,,1,2,3,4,5,6,7,8,9,10,11,12,13,14,15,16,17,18,19,20,21,22,23,24,25,26,27,28,29,30,,,,,,1,2,3,4,5,6,7,8,9,10,11,12,13,14,15,16,17,18,19,20,21,22,23,24,25,26,27,28,29,30,,,Rank,,,,,p,p^2,,,,,,,,,,,,,,,,,0.080152672,8.0152672,3,93.5114504
,,,,Rodgers Creek,2.5,"n_sword_fern, v_trailing_blackberry",2,,,,,,n_osoberry,0,0,0,0,0,0,1,1,1,1,0,0,0,0,1,0,0,0,0,0,0,0,0,0,0,0,0,0,0,0,5,,,,n_osoberry,0,0,0,0,0,0,0.02,0.01,0.03,0.04,0,0,0,0,0.02,0,0,0,0,0,0,0,0,0,0,0,0,0,0,0,0.004,0.6,1,,,,,0.6,0.36,,,,,,,,,,,,,,,,,0.047073791,4.7073791,4,98.2188295
,,,,Rodgers Creek,2.5,"n_salal, v_trailing_blackberry",2,,,,,,v_cherry_laurel,0,0,0,0,0,0,0,1,0,0,0,0,0,0,0,0,0,0,0,1,0,0,0,0,0,0,0,0,0,0,2,,,,v_cherry_laurel,0,0,0,0,0,0,0,0.01,0,0,0,0,0,0,0,0,0,0,0,0.01,0,0,0,0,0,0,0,0,0,0,0.000666667,0.1,3,,,,,0.1,0.01,,Simpsons diversity,0.595,,,,,,,,,,,,,,0.011450382,1.1450382,5,99.3638677
,,,,Rodgers Creek,2.5,"v_english_holly, n_sword_fern, n_salal, v_trailing_blackberry",4,,,,,,v_english_holly,0,0,0,0,0,0,0,0,0,0,0,1,1,0,0,0,0,0,0,0,1,0,0,0,0,0,0,0,0,0,3,,,,v_english_holly,0,0,0,0,0,0,0,0,0,0,0,0.01,0.01,0,0,0,0,0,0,0,0.01,0,0,0,0,0,0,0,0,0,0.001,0.15,2,,,,,0.15,0.0225,,,,,,,,,,,,,,,,,0.002544529,0.2544529,6,99.6183206
,,,,Rodgers Creek,2.5,"n_salal, v_trailing_blackberry",2,,,,,,u_groundcover,0,0,0,0,0,0,0,0,0,0,0,0,0,0,0,0,0,0,0,0,0,0,0,1,0,0,0,0,0,0,1,,,,u_groundcover,0,0,0,0,0,0,0,0,0,0,0,0,0,0,0,0,0,0,0,0,0,0,0,0.01,0,0,0,0,0,0,0.000333333,0.05,5,,,,,0.05,0.0025,,,,,,,,,,,,,,,,,0.002544529,0.2544529,7,99.8727735
,,,,Rodgers Creek,2.5,"v_english_ivy, n_salal, v_trailing_blackberry",3,,,,,,i_stinging_nettle,0,0,0,0,0,0,0,0,0,0,0,0,0,0,0,0,0,0,0,0,0,0,0,0,0,0,0,1,0,0,1,,,,i_stinging_nettle,0,0,0,0,0,0,0,0,0,0,0,0,0,0,0,0,0,0,0,0,0,0,0,0,0,0,0,0.02,0,0,0.000666667,0.1,4,,,,,0.1,0.01,,,,,,,,,,,,,,,,,0.001272265,0.1272265,8,100
,,,,Rodgers Creek,2.5,"v_spurge_laurel, n_sword_fern, v_english_ivy, n_salal",4,,,,,,,,,,,,,,,,,,,,,,,,,,,,,,,,,,,,,,,,,,,,,,,,,,,,,,,,,,,,,,,,,,,,,,,,,,,,,,,,,,,,,,,,,,,,,,,,,,,,
,,,,Rodgers Creek,5,"n_salal, n_red_huckleberry, v_trailing_blackberry",3,,,,,,,s,5,,S,6.933333333,,,,S,5,,Schao,5.5,,5.5+-,1.414508159,,,,,,,,,,,,,,,,,,,,,,,,,,,,,,,,,,,,,,,,,,,,,,,,,Total percent cover,0.006666667,,,,,,,Sum,0.405,,,,,,,,,,,,,,,,,,,,
,,,,Rodgers Creek,5,"n_salal, n_red_huckleberry",2,,,,,,,n,30,,,,,,,f1,2,,,,,,,,,,,,,,,,,,,,,,,,,,,,,,,,,,,,,,,,,,,,,,,,,,,,,,,,,,,,,,,,,,,,,,,,,,,,,,,,,Hoy Creek,,,
,,,,Rodgers Creek,5,"n_sword_fern, n_salal",2,,,,,,,k,2,,,,,,,f2,1,,Var,0.520833333,,,,,,,,,,,,,,,,,,,,,,,,,,,,,,,,,,,,,,,,,,,,,,,,,,,,,,,,,,,,,,,,,,,,,,,,,,,,,,Abundance ,relative abundance,Rank,
,,,,Rodgers Creek,5,"v_english_ivy, n_salal",2,,,,,,,,,,,,,,,,,,,,,,,,,,,,,,,,,,,,,,,,,,,,,,,,,,,,,,,,,,,,,,,,,,,,,,,,,,,,,,,,,,,,,,,,,,,,,,,,,0.6,60,1,60
,,,,Rodgers Creek,5,"n_sword_fern, n_salal, v_trailing_blackberry",3,,,,,,,,,,,,,,,,,,,,,,,,,,,,,,,,,,,,,,,,,,,,,,,,,,,,,,,,,,,,,,,,,,,,,,,,,,,,,,,,,,,,,,,,,,,,,,,,,0.15,15,2,75
,,,,Rodgers Creek,5,"n_salal, n_red_huckleberry, v_trailing_blackberry",3,,,,,,,,,,,,,,,,,,,,,,,,,,,,,,,,,,,,,,,,,,,,,,,,,,,,,,,,,,,,,,,,,,,,,,,,,,,,,,,,,,,,,,,,,,,,,,,,,0.1,10,3,85
,,,,Rodgers Creek,5,"n_salal, n_red_huckleberry, v_trailing_blackberry",3,,,,,,Stoney Creek,,,,,,,,,,,,,,,,,,,,,,,,,,,,,,,,,,,Stoney Creek,,,,,,,,,,,,,,,,,,,,,,,,,,,,,,,,,,,,,,Stoney Creek,,,,,,,,,,,,,,,,,,0.1,10,4,95
,,,,Rodgers Creek,5,"n_sword_fern, n_salal, n_red_huckleberry",3,,,,,,Species,Quadrat,,,,,,,,,,,,,,,,,,,,,,,,,,,,,,Row Sum,,,,Species,Quadrat,,,,,,,,,,,,,,,,,,,,,,,,,,,,,,Average percent cover,Relative abundace/ Proportion,,,,,,,,,,,,,,,,,,,,,,,,0.05,5,5,100
,,,,Rodgers Creek,5,n_red_huckleberry,1,,,,,,,1,2,3,4,5,6,7,8,9,10,11,12,13,14,15,16,17,18,19,20,21,22,23,24,25,26,27,28,29,30,,,,,,1,2,3,4,5,6,7,8,9,10,11,12,13,14,15,16,17,18,19,20,21,22,23,24,25,26,27,28,29,30,,,Rank,,,,,p,p^2,,,,,,,,,,,,,,,,,,,,
,,,,Rodgers Creek,5,v_trailing_blackberry,1,,,,,,n_sword_fern,1,1,0,0,0,1,0,1,1,1,1,1,0,1,1,0,1,0,1,0,0,0,0,0,0,0,1,0,1,1,15,,,,n_sword_fern,0.5,0.2,0,0,0,0.03,0,0.3,1,1,1,0.01,0,1,0.01,0,1,0,0.01,0,0,0,0,0,0,0,1,0,1,0.02,0.269333333,0.792934249,1,,,,,0.792934249,0.628744724,,,,,,,,,,,,,,,,,Stoney Creek,,,
,,,,Hoy Creek,0,0,0,,,,,,v_cherry_laurel,0,0,1,1,0,1,0,0,0,0,0,0,0,0,0,0,0,1,0,0,0,0,0,0,1,0,0,0,0,1,6,,,,v_cherry_laurel,0,0,0.3,1,0,0.02,0,0,0,0,0,0,0,0,0,0,0,0.01,0,0,0,0,0,0,0.01,0,0,0,0,0.01,0.045,0.132482826,2,,,,,0.132482826,0.017551699,,Simpsons diversity,0.352711629,,,,,,,,,,,,,,,,,
,,,,Hoy Creek,0,0,0,,,,,,n_bladder_fern,0,0,0,0,0,0,1,0,0,0,0,0,0,0,0,0,0,0,1,0,1,0,0,0,0,0,0,0,0,0,3,,,,n_bladder_fern,0,0,0,0,0,0,0.16,0,0,0,0,0,0,0,0,0,0,0,0.02,0,0.03,0,0,0,0,0,0,0,0,0,0.007,0.02060844,3,,,,,0.02060844,0.000424708,,,,,,,,,,,,,,,,,Abundance ,Relative abundance,Rank,
,,,,Hoy Creek,0,0,0,,,,,,n_osoberry,0,0,0,0,0,0,0,0,0,0,0,0,0,0,0,0,0,0,1,1,0,0,0,0,1,0,0,0,0,0,3,,,,n_osoberry,0,0,0,0,0,0,0,0,0,0,0,0,0,0,0,0,0,0,0.01,0.02,0,0,0,0,0.07,0,0,0,0,0,0.003333333,0.009813543,5,,,,,0.009813543,9.63E-05,,,,,,,,,,,,,,,,,0.792934249,79.2934249,1,79.2934249
,,,,Hoy Creek,0,0,0,,,,,,i_creeping_buttercup,0,0,0,0,0,0,0,0,0,0,0,0,0,0,0,0,0,0,0,0,1,1,1,0,0,1,0,0,0,0,4,,,,i_creeping_buttercup,0,0,0,0,0,0,0,0,0,0,0,0,0,0,0,0,0,0,0,0,0.03,0.05,0.09,0,0,0.01,0,0,0,0,0.006,0.017664377,4,,,,,0.017664377,0.00031203,,,,,,,,,,,,,,,,,0.132482826,13.2482826,2,92.5417075
,,,,Hoy Creek,0,0,0,,,,,,n_catch_weed_bedstraw,0,0,0,0,0,0,0,0,0,0,0,0,0,0,0,0,0,0,0,0,0,0,0,0,0,0,0,1,0,0,1,,,,n_catch_weed_bedstraw,0,0,0,0,0,0,0,0,0,0,0,0,0,0,0,0,0,0,0,0,0,0,0,0,0,0,0,0.01,0,0,0.000333333,0.000981354,12,,,,,0.000981354,9.63E-07,,,,,,,,,,,,,,,,,0.02060844,2.060844,3,94.6025515
,,,,Hoy Creek,0,0,0,,,,,,i_dandelion,0,0,0,0,0,0,0,0,0,0,0,0,0,0,0,0,0,0,0,0,0,0,0,0,0,1,0,1,0,1,3,,,,i_dandelion,0,0,0,0,0,0,0,0,0,0,0,0,0,0,0,0,0,0,0,0,0,0,0,0,0,0.04,0,0.01,0,0.01,0.002,0.005888126,7,,,,,0.005888126,3.47E-05,,,,,,,,,,,,,,,,,0.017664377,1.7664377,4,96.3689892
,,,,Hoy Creek,0,n_osoberry,1,,,,,,i_wall_lettuce,0,0,0,0,0,1,0,0,0,0,0,0,0,0,0,0,0,0,0,0,0,0,0,0,0,1,0,0,0,0,2,,,,i_wall_lettuce,0,0,0,0,0,0.03,0,0,0,0,0,0,0,0,0,0,0,0,0,0,0,0,0,0,0,0.01,0,0,0,0,0.001333333,0.003925417,8,,,,,0.003925417,1.54E-05,,,,,,,,,,,,,,,,,0.009813543,0.9813543,5,97.3503435
,,,,Hoy Creek,0,"v_cherry_laurel, n_osoberry",2,,,,,,n_herb_robert,0,0,0,0,0,1,1,0,0,0,0,0,0,0,0,0,0,0,0,0,0,0,0,0,0,0,0,0,0,0,2,,,,n_herb_robert,0,0,0,0,0,0.01,0.01,0,0,0,0,0,0,0,0,0,0,0,0,0,0,0,0,0,0,0,0,0,0,0,0.000666667,0.001962709,9,,,,,0.001962709,3.85E-06,,,,,,,,,,,,,,,,,0.009813543,0.9813543,6,98.3316978
,,,,Hoy Creek,0,"n_osoberry, n_salmonberry",2,,,,,,u_watercress,0,0,0,0,0,0,1,0,0,0,0,0,0,0,0,0,0,0,0,0,0,0,0,0,0,0,0,0,0,0,1,,,,u_watercress,0,0,0,0,0,0,0.02,0,0,0,0,0,0,0,0,0,0,0,0,0,0,0,0,0,0,0,0,0,0,0,0.000666667,0.001962709,10,,,,,0.001962709,3.85E-06,,,,,,,,,,,,,,,,,0.005888126,0.5888126,7,98.9205104
,,,,Hoy Creek,0,n_osoberry,1,,,,,,i_nipple_wort,0,0,0,0,0,0,0,0,0,0,0,0,0,0,0,0,0,1,0,1,0,0,0,0,0,0,0,0,0,0,2,,,,i_nipple_wort,0,0,0,0,0,0,0,0,0,0,0,0,0,0,0,0,0,0.01,0,0.09,0,0,0,0,0,0,0,0,0,0,0.003333333,0.009813543,6,,,,,0.009813543,9.63E-05,,,,,,,,,,,,,,,,,0.003925417,0.3925417,8,99.3130521
,,,,Hoy Creek,2.5,0,0,,,,,,n_bladder_wort,0,0,0,0,0,0,0,0,0,0,0,0,0,0,0,0,0,1,0,0,0,0,0,0,0,0,0,0,0,0,1,,,,n_bladder_wort,0,0,0,0,0,0,0,0,0,0,0,0,0,0,0,0,0,0.02,0,0,0,0,0,0,0,0,0,0,0,0,0.000666667,0.001962709,11,,,,,0.001962709,3.85E-06,,,,,,,,,,,,,,,,,0.001962709,0.1962709,9,99.509323
,,,,Hoy Creek,2.5,v_english_holly,1,,,,,,,,,,,,,,,,,,,,,,,,,,,,,,,,,,,,,,,,,,,,,,,,,,,,,,,,,,,,,,,,,,,,,,,,,,,,,,,,,,,,,,,,,,,,,,,,,0.001962709,0.1962709,10,99.7055939
,,,,Hoy Creek,2.5,v_english_holly,1,,,,,,,s,12,,S,14.9,,,,S,12,,Schao,12.75,,12.75+_,1.745356339,,,,,,,,,,,,,,,,,,,,,,,,,,,,,,,,,,,,,,,,,,,,,,,,,Total percent cover,0.339666667,,,,,,,Sum,0.647288371,,,,,,,,,,,,,,,,,0.001962709,0.1962709,11,99.9018648
,,,,Hoy Creek,2.5,0,0,,,,,,,n,30,,,,,,,f1,3,,,,,,,,,,,,,,,,,,,,,,,,,,,,,,,,,,,,,,,,,,,,,,,,,,,,,,,,,,,,,,,,,,,,,,,,,,,,,,,,,0.000981354,0.0981354,12,100.0000002
,,,,Hoy Creek,2.5,n_osoberry,1,,,,,,,k,3,,,,,,,f2,3,,Var,0.79296875,,,,,,,,,,,,,,,,,,,,,,,,,,,,,,,,,,,,,,,,,,,,,,,,,,,,,,,,,,,,,,,,,,,,,,,,,,,,,,,,,
,,,,Hoy Creek,2.5,0,0,,,,,,,,,,,,,,,,,,,,,,,,,,,,,,,,,,,,,,,,,,,,,,,,,,,,,,,,,,,,,,,,,,,,,,,,,,,,,,,,,,,,,,,,,,,,,,,,,Eagle Creek,,,
,,,,Hoy Creek,2.5,0,0,,,,,,,,,,,,,,,,,,,,,,,,,,,,,,,,,,,,,,,,,,,,,,,,,,,,,,,,,,,,,,,,,,,,,,,,,,,,,,,,,,,,,,,,,,,,,,,,,,,,
,,,,Hoy Creek,2.5,0,0,,,,,,,,,,,,,,,,,,,,,,,,,,,,,,,,,,,,,,,,,,,,,,,,,,,,,,,,,,,,,,,,,,,,,,,,,,,,,,,,,,,,,,,,,,,,,,,,,Abundance,Relative Abundance,Rank,
,,,,Hoy Creek,2.5,0,0,,,,,,,,,,,,,,,,,,,,,,,,,,,,,,,,,,,,,,,,,,,,,,,,,,,,,,,,,,,,,,,,,,,,,,,,,,,,,,,,,,,,,,,,,,,,,,,,,0.243243243,24.3243243,1,24.3243243
,,,,Hoy Creek,2.5,v_cherry_laurel,1,,,,,,Eagle Creek,,,,,,,,,,,,,,,,,,,,,,,,,,,,,,,,,,,Eagle Creek,,,,,,,,,,,,,,,,,,,,,,,,,,,,,,,,,,,,,,Eagle Creek,,,,,,,,,,,,,,,,,,0.22972973,22.972973,2,47.2972973
,,,,Hoy Creek,5,v_english_holly,1,,,,,,Species,Quadrat,,,,,,,,,,,,,,,,,,,,,,,,,,,,,,Row Sum,,,,Species,Quadrat,,,,,,,,,,,,,,,,,,,,,,,,,,,,,,Average percent cover,Relative abundace/ Proportion,,,,,,,,,,,,,,,,,,,,,,,,0.148648649,14.8648649,3,62.1621622
,,,,Hoy Creek,5,0,0,,,,,,,1,2,3,4,5,6,7,8,9,10,11,12,13,14,15,16,17,18,19,20,21,22,23,24,25,26,27,28,29,30,,,,,,1,2,3,4,5,6,7,8,9,10,11,12,13,14,15,16,17,18,19,20,21,22,23,24,25,26,27,28,29,30,,,Rank,,,,,p,p^2,,,,,,,,,,,,,,,,,0.103603604,10.3603604,4,72.5225226
,,,,Hoy Creek,5,0,0,,,,,,v_spurge_laurel,1,0,1,1,0,0,0,0,0,0,0,0,0,0,0,0,0,0,0,0,0,0,0,0,0,0,0,0,0,0,3,,,,v_spurge_laurel,0.03,0,0.12,0.01,0,0,0,0,0,0,0,0,0,0,0,0,0,0,0,0,0,0,0,0,0,0,0,0,0,0,0.005333333,0.072072072,5,,,,,0.072072072,0.005194384,,,,,,,,,,,,,,,,,0.072072072,7.2072072,5,79.7297298
,,,,Hoy Creek,5,u_groundcover,1,,,,,,v_english_holly,0,0,1,0,0,0,0,0,1,0,0,0,0,0,0,0,0,0,0,0,0,0,0,0,0,0,0,0,0,0,2,,,,v_english_holly,0,0,0.11,0,0,0,0,0,0.01,0,0,0,0,0,0,0,0,0,0,0,0,0,0,0,0,0,0,0,0,0,0.004,0.054054054,6,,,,,0.054054054,0.002921841,,Simpsons diversity,0.843032221,,,,,,,,,,,,,,0.054054054,5.4054054,6,85.1351352
,,,,Hoy Creek,5,0,0,,,,,,n_herb_robert,0,0,1,0,1,0,1,0,1,0,1,1,0,1,0,1,1,0,0,1,1,1,1,0,0,1,1,1,1,1,18,,,,n_herb_robert,0,0,0.07,0,0.01,0,0.04,0,0.02,0,0.01,0.01,0,0.01,0,0.01,0.03,0,0,0.01,0.03,0.05,0.03,0,0,0.09,0.08,0.02,0.01,0.01,0.018,0.243243243,1,,,,,0.243243243,0.059167275,,,,,,,,,,,,,,,,,0.045045045,4.5045045,7,89.6396397
,,,,Hoy Creek,5,0,0,,,,,,u_woody,0,0,0,0,0,1,0,0,0,0,0,0,0,0,0,0,0,0,0,0,0,0,0,0,0,0,0,0,0,0,1,,,,u_woody,0,0,0,0,0,0.01,0,0,0,0,0,0,0,0,0,0,0,0,0,0,0,0,0,0,0,0,0,0,0,0,0.000333333,0.004504505,13,,,,,0.004504505,2.03E-05,,,,,,,,,,,,,,,,,0.027027027,2.7027027,8,92.3423424
,,,,Hoy Creek,5,0,0,,,,,,u_sedge,0,0,0,0,0,0,1,0,0,0,0,0,0,0,0,0,0,0,0,0,0,0,0,0,0,0,0,0,0,0,1,,,,u_sedge,0,0,0,0,0,0,0.01,0,0,0,0,0,0,0,0,0,0,0,0,0,0,0,0,0,0,0,0,0,0,0,0.000333333,0.004504505,14,,,,,0.004504505,2.03E-05,,,,,,,,,,,,,,,,,0.022522523,2.2522523,9,94.5945947
,,,,Hoy Creek,5,i_stinging_nettle,1,,,,,,u_woodrush,0,0,0,0,0,0,0,1,1,1,0,0,0,0,0,0,0,0,0,0,0,0,0,0,0,0,0,0,0,0,3,,,,u_woodrush,0,0,0,0,0,0,0,0.02,0.02,0.01,0,0,0,0,0,0,0,0,0,0,0,0,0,0,0,0,0,0,0,0,0.001666667,0.022522523,9,,,,,0.022522523,0.000507264,,,,,,,,,,,,,,,,,0.022522523,2.2522523,10,96.846847
,,,,Hoy Creek,5,0,0,,,,,,n_twinflower,0,0,0,0,0,0,0,0,0,0,1,1,0,0,0,0,0,0,0,0,0,0,0,0,0,0,0,0,0,0,2,,,,n_twinflower,0,0,0,0,0,0,0,0,0,0,0.01,0.02,0,0,0,0,0,0,0,0,0,0,0,0,0,0,0,0,0,0,0.001,0.013513514,11,,,,,0.013513514,0.000182615,,,,,,,,,,,,,,,,,0.013513514,1.3513514,11,98.1981984
,,,,Hoy Creek,5,0,0,,,,,,i_foxglove,0,0,0,0,0,0,1,1,1,1,0,0,0,0,0,1,0,0,0,0,1,0,0,0,0,0,0,0,0,0,6,,,,i_foxglove,0,0,0,0,0,0,0.01,0.01,0.01,0.01,0,0,0,0,0,0.01,0,0,0,0,0.01,0,0,0,0,0,0,0,0,0,0.002,0.027027027,8,,,,,0.027027027,0.00073046,,,,,,,,,,,,,,,,,0.009009009,0.9009009,12,99.0990993
,,,,Stoney Creek,0,n_sword_fern,1,,,,,,u_watercress,0,0,0,0,0,1,0,0,0,0,0,0,0,0,0,0,1,0,0,0,0,1,0,0,0,1,1,0,1,0,6,,,,u_watercress,0,0,0,0,0,0.01,0,0,0,0,0,0,0,0,0,0,0.07,0,0,0,0,0.03,0,0,0,0.03,0.08,0,0.01,0,0.007666667,0.103603604,4,,,,,0.103603604,0.010733707,,,,,,,,,,,,,,,,,0.004504505,0.4504505,13,99.5495498
,,,,Stoney Creek,0,n_sword_fern,1,,,,,,v_periwinkle,0,0,0,0,0,0,0,0,0,0,0,0,0,0,0,0,0,1,0,0,0,0,0,0,0,0,0,0,0,0,1,,,,v_periwinkle,0,0,0,0,0,0,0,0,0,0,0,0,0,0,0,0,0,0.05,0,0,0,0,0,0,0,0,0,0,0,0,0.001666667,0.022522523,10,,,,,0.022522523,0.000507264,,,,,,,,,,,,,,,,,0.004504505,0.4504505,14,100.0000003
,,,,Stoney Creek,0,v_cherry_laurel,1,,,,,,i_creeping_buttercup,1,0,0,0,0,0,0,0,0,0,0,0,0,0,0,0,0,1,1,1,0,0,0,0,0,0,0,0,0,0,4,,,,i_creeping_buttercup,0.05,0,0,0,0,0,0,0,0,0,0,0,0,0,0,0,0,0.06,0.38,0.02,0,0,0,0,0,0,0,0,0,0,0.017,0.22972973,2,,,,,0.22972973,0.052775749,,,,,,,,,,,,,,,,,,,,
,,,,Stoney Creek,0,v_cherry_laurel,1,,,,,,n_osoberry,1,0,0,0,0,0,0,0,0,0,0,0,0,0,0,0,0,0,0,1,0,0,0,0,0,0,0,0,0,0,2,,,,n_osoberry,0.01,0,0,0,0,0,0,0,0,0,0,0,0,0,0,0,0,0,0,0.01,0,0,0,0,0,0,0,0,0,0,0.000666667,0.009009009,12,,,,,0.009009009,8.12E-05,,,,,,,,,,,,,,,,,,,,
,,,,Stoney Creek,0,0,0,,,,,,i_wall_lettuce,0,0,1,0,0,1,1,1,0,1,0,0,0,0,0,0,0,0,0,0,0,0,0,0,0,1,1,1,1,0,9,,,,i_wall_lettuce,0,0,0.01,0,0,0.02,0.04,0.03,0,0.01,0,0,0,0,0,0,0,0,0,0,0,0,0,0,0,0.02,0.07,0.09,0.04,0,0.011,0.148648649,3,,,,,0.148648649,0.022096421,,,,,,,,,,,,,,,,,,,,
,,,,Stoney Creek,0,"v_cherry_laurel, n_sword_fern, i_wall_lettuce, n_herb_robert",4,,,,,,n_sword_fern,0,0,0,0,0,1,0,0,0,0,0,0,0,0,0,0,0,1,0,1,0,0,0,0,0,0,1,0,0,0,4,,,,n_sword_fern,0,0,0,0,0,0.07,0,0,0,0,0,0,0,0,0,0,0,0.01,0,0.01,0,0,0,0,0,0,0.01,0,0,0,0.003333333,0.045045045,7,,,,,0.045045045,0.002029056,,,,,,,,,,,,,,,,,,,,
,,,,Stoney Creek,0,"n_bladder_fern, u_watercress, n_herb_robert",3,,,,,,,,,,,,,,,,,,,,,,,,,,,,,,,,,,,,,,,,,,,,,,,,,,,,,,,,,,,,,,,,,,,,,,,,,,,,,,,,,,,,,,,,,,,,,,,,,,,,
,,,,Stoney Creek,0,n_sword_fern,1,,,,,,,s,10,,S,12.9,,,,S,14,,Schao,14.75,,10.75+_,1.745356339,,,,,,,,,,,,,,,,,,,,,,,,,,,,,,,,,,,,,,,,,,,,,,,,,Total percent cover,0.074,,,,,,,Sum,0.156967779,,,,,,,,,,,,,,,,,,,,
,,,,Stoney Creek,0,n_sword_fern,1,,,,,,,n,30,,,,,,,f1,3,,,,,,,,,,,,,,,,,,,,,,,,,,,,,,,,,,,,,,,,,,,,,,,,,,,,,,,,,,,,,,,,,,,,,,,,,,,,,,,,,,,,
,,,,Stoney Creek,0,n_sword_fern,1,,,,,,,k,3,,,,,,,f2,3,,Var,0.79296875,,,,,,,,,,,,,,,,,,,,,,,,,,,,,,,,,,,,,,,,,,,,,,,,,,,,,,,,,,,,,,,,,,,,,,,,,,,,,,,,,
,,,,Stoney Creek,2.5,n_sword_fern,1,,,,,,,,,,,,,,,,,,,,,,,,,,,,,,,,,,,,,,,,,,,,,,,,,,,,,,,,,,,,,,,,,,,,,,,,,,,,,,,,,,,,,,,,,,,,,,,,,,,,
,,,,Stoney Creek,2.5,n_sword_fern,1,,,,,,,,,,,,,,,,,,,,,,,,,,,,,,,,,,,,,,,,,,,,,,,,,,,,,,,,,,,,,,,,,,,,,,,,,,,,,,,,,,,,,,,,,,,,,,,,,,,,
,,,,Stoney Creek,2.5,0,0,,,,,,,,,,,,,,,,,,,,,,,,,,,,,,,,,,,,,,,,,,,,,,,,,,,,,,,,,,,,,,,,,,,,,,,,,,,,,,,,,,,,,,,,,,,,,,,,,,,,
,,,,Stoney Creek,2.5,n_sword_fern,1,,,,,,,,,,,,,,,,,,,,,,,,,,,,,,,,,,,,,,,,,,,,,,,,,,,,,,,,,,,,,,,,,,,,,,,,,,,,,,,,,,,,,,,,,,,,,,,,,,,,
,,,,Stoney Creek,2.5,n_sword_fern,1,,,,,,,,,,,,,,,,,,,,,,,,,,,,,,,,,,,,,,,,,,,,,,,,,,,,,,,,,,,,,,,,,,,,,,,,,,,,,,,,,,,,,,,,,,,,,,,,,,,,
,,,,Stoney Creek,2.5,0,0,,,,,,,,,,,,,,,,,,,,,,,,,,,,,,,,,,,,,,,,,,,,,,,,,,,,,,,,,,,,,,,,,,,,,,,,,,,,,,,,,,,,,,,,,,,,,,,,,,,,
,,,,Stoney Creek,2.5,n_sword_fern,1,,,,,,,,,,,,,,,,,,,,,,,,,,,,,,,,,,,,,,,,,,,,,,,,,,,,,,,,,,,,,,,,,,,,,,,,,,,,,,,,,,,,,,,,,,,,,,,,,,,,
,,,,Stoney Creek,2.5,"v_cherry_laurel, i_nipple_wort, n_bladder_wort",3,,,,,,,,,,,,,,,,,,,,,,,,,,,,,,,,,,,,,,,,,,,,,,,,,,,,,,,,,,,,,,,,,,,,,,,,,,,,,,,,,,,,,,,,,,,,,,,,,,,,
,,,,Stoney Creek,2.5,"n_osoberry, n_bladder_fern, n_sword_fern",3,,,,,,,,,,,,,,,,,,,,,,,,,,,,,,,,,,,,,,,,,,,,,,,,,,,,,,,,,,,,,,,,,,,,,,,,,,,,,,,,,,,,,,,,,,,,,,,,,,,,
,,,,Stoney Creek,2.5,"n_osoberry, i_nipple_wort",2,,,,,,,,,,,,,,,,,,,,,,,,,,,,,,,,,,,,,,,,,,,,,,,,,,,,,,,,,,,,,,,,,,,,,,,,,,,,,,,,,,,,,,,,,,,,,,,,,,,,
,,,,Stoney Creek,5,"i_creeping_buttercup, n_bladder_fern",2,,,,,,,,,,,,,,,,,,,,,,,,,,,,,,,,,,,,,,,,,,,,,,,,,,,,,,,,,,,,,,,,,,,,,,,,,,,,,,,,,,,,,,,,,,,,,,,,,,,,
,,,,Stoney Creek,5,i_creeping_buttercup,1,,,,,,,,,,,,,,,,,,,,,,,,,,,,,,,,,,,,,,,,,,,,,,,,,,,,,,,,,,,,,,,,,,,,,,,,,,,,,,,,,,,,,,,,,,,,,,,,,,,,
,,,,Stoney Creek,5,i_creeping_buttercup,1,,,,,,,,,,,,,,,,,,,,,,,,,,,,,,,,,,,,,,,,,,,,,,,,,,,,,,,,,,,,,,,,,,,,,,,,,,,,,,,,,,,,,,,,,,,,,,,,,,,,
,,,,Stoney Creek,5,0,0,,,,,,,,,,,,,,,,,,,,,,,,,,,,,,,,,,,,,,,,,,,,,,,,,,,,,,,,,,,,,,,,,,,,,,,,,,,,,,,,,,,,,,,,,,,,,,,,,,,,
,,,,Stoney Creek,5,"v_cherry_laurel, n_osoberry",2,,,,,,,,,,,,,,,,,,,,,,,,,,,,,,,,,,,,,,,,,,,,,,,,,,,,,,,,,,,,,,,,,,,,,,,,,,,,,,,,,,,,,,,,,,,,,,,,,,,,
,,,,Stoney Creek,5,"i_creeping_buttercup, i_dandelion, i_wall_lettuce",3,,,,,,,,,,,,,,,,,,,,,,,,,,,,,,,,,,,,,,,,,,,,,,,,,,,,,,,,,,,,,,,,,,,,,,,,,,,,,,,,,,,,,,,,,,,,,,,,,,,,
,,,,Stoney Creek,5,n_sword_fern,1,,,,,,,,,,,,,,,,,,,,,,,,,,,,,,,,,,,,,,,,,,,,,,,,,,,,,,,,,,,,,,,,,,,,,,,,,,,,,,,,,,,,,,,,,,,,,,,,,,,,
,,,,Stoney Creek,5,"n_catch_weed_bedstraw, i_dandelion",2,,,,,,,,,,,,,,,,,,,,,,,,,,,,,,,,,,,,,,,,,,,,,,,,,,,,,,,,,,,,,,,,,,,,,,,,,,,,,,,,,,,,,,,,,,,,,,,,,,,,
,,,,Stoney Creek,5,n_sword_fern,1,,,,,,,,,,,,,,,,,,,,,,,,,,,,,,,,,,,,,,,,,,,,,,,,,,,,,,,,,,,,,,,,,,,,,,,,,,,,,,,,,,,,,,,,,,,,,,,,,,,,
,,,,Stoney Creek,5,"v_cherry_laurel, n_sword_fern, i_dandelion",3,,,,,,,,,,,,,,,,,,,,,,,,,,,,,,,,,,,,,,,,,,,,,,,,,,,,,,,,,,,,,,,,,,,,,,,,,,,,,,,,,,,,,,,,,,,,,,,,,,,,
,,,,Eagle Creek,0,"v_spurge_laurel, n_osoberry, i_creeping_buttercup",3,,,,,,,,,,,,,,,,,,,,,,,,,,,,,,,,,,,,,,,,,,,,,,,,,,,,,,,,,,,,,,,,,,,,,,,,,,,,,,,,,,,,,,,,,,,,,,,,,,,,
,,,,Eagle Creek,0,0,0,,,,,,,,,,,,,,,,,,,,,,,,,,,,,,,,,,,,,,,,,,,,,,,,,,,,,,,,,,,,,,,,,,,,,,,,,,,,,,,,,,,,,,,,,,,,,,,,,,,,
,,,,Eagle Creek,0,"v_english_holly, v_spurge_laurel, i_wall_lettuce, n_herb_robert",4,,,,,,,,,,,,,,,,,,,,,,,,,,,,,,,,,,,,,,,,,,,,,,,,,,,,,,,,,,,,,,,,,,,,,,,,,,,,,,,,,,,,,,,,,,,,,,,,,,,,
,,,,Eagle Creek,0,v_spurge_laurel,1,,,,,,,,,,,,,,,,,,,,,,,,,,,,,,,,,,,,,,,,,,,,,,,,,,,,,,,,,,,,,,,,,,,,,,,,,,,,,,,,,,,,,,,,,,,,,,,,,,,,
,,,,Eagle Creek,0,n_herb_robert,1,,,,,,,,,,,,,,,,,,,,,,,,,,,,,,,,,,,,,,,,,,,,,,,,,,,,,,,,,,,,,,,,,,,,,,,,,,,,,,,,,,,,,,,,,,,,,,,,,,,,
,,,,Eagle Creek,0,"u_woody, n_sword_fern, i_wall_lettuce, u_watercress",4,,,,,,,,,,,,,,,,,,,,,,,,,,,,,,,,,,,,,,,,,,,,,,,,,,,,,,,,,,,,,,,,,,,,,,,,,,,,,,,,,,,,,,,,,,,,,,,,,,,,
,,,,Eagle Creek,0,"u_sedge, i_foxglove, i_wall_lettuce, n_herb_robert",4,,,,,,,,,,,,,,,,,,,,,,,,,,,,,,,,,,,,,,,,,,,,,,,,,,,,,,,,,,,,,,,,,,,,,,,,,,,,,,,,,,,,,,,,,,,,,,,,,,,,
,,,,Eagle Creek,0,"u_woodrush, i_foxglove, i_wall_lettuce",3,,,,,,,,,,,,,,,,,,,,,,,,,,,,,,,,,,,,,,,,,,,,,,,,,,,,,,,,,,,,,,,,,,,,,,,,,,,,,,,,,,,,,,,,,,,,,,,,,,,,
,,,,Eagle Creek,0,"v_english_holly, u_woodrush, i_foxglove, n_herb_robert",4,,,,,,,,,,,,,,,,,,,,,,,,,,,,,,,,,,,,,,,,,,,,,,,,,,,,,,,,,,,,,,,,,,,,,,,,,,,,,,,,,,,,,,,,,,,,,,,,,,,,
,,,,Eagle Creek,0,"u_woodrush, i_foxglove, i_wall_lettuce",3,,,,,,,,,,,,,,,,,,,,,,,,,,,,,,,,,,,,,,,,,,,,,,,,,,,,,,,,,,,,,,,,,,,,,,,,,,,,,,,,,,,,,,,,,,,,,,,,,,,,
,,,,Eagle Creek,2.5,"n_twinflower, n_herb_robert",2,,,,,,,,,,,,,,,,,,,,,,,,,,,,,,,,,,,,,,,,,,,,,,,,,,,,,,,,,,,,,,,,,,,,,,,,,,,,,,,,,,,,,,,,,,,,,,,,,,,,
,,,,Eagle Creek,2.5,"n_twinflower, n_herb_robert",2,,,,,,,,,,,,,,,,,,,,,,,,,,,,,,,,,,,,,,,,,,,,,,,,,,,,,,,,,,,,,,,,,,,,,,,,,,,,,,,,,,,,,,,,,,,,,,,,,,,,
,,,,Eagle Creek,2.5,0,0,,,,,,,,,,,,,,,,,,,,,,,,,,,,,,,,,,,,,,,,,,,,,,,,,,,,,,,,,,,,,,,,,,,,,,,,,,,,,,,,,,,,,,,,,,,,,,,,,,,,
,,,,Eagle Creek,2.5,n_herb_robert,1,,,,,,,,,,,,,,,,,,,,,,,,,,,,,,,,,,,,,,,,,,,,,,,,,,,,,,,,,,,,,,,,,,,,,,,,,,,,,,,,,,,,,,,,,,,,,,,,,,,,
,,,,Eagle Creek,2.5,0,0,,,,,,,,,,,,,,,,,,,,,,,,,,,,,,,,,,,,,,,,,,,,,,,,,,,,,,,,,,,,,,,,,,,,,,,,,,,,,,,,,,,,,,,,,,,,,,,,,,,,
,,,,Eagle Creek,2.5,"i_foxglove, n_herb_robert",2,,,,,,,,,,,,,,,,,,,,,,,,,,,,,,,,,,,,,,,,,,,,,,,,,,,,,,,,,,,,,,,,,,,,,,,,,,,,,,,,,,,,,,,,,,,,,,,,,,,,
,,,,Eagle Creek,2.5,"u_watercress, n_herb_robert",2,,,,,,,,,,,,,,,,,,,,,,,,,,,,,,,,,,,,,,,,,,,,,,,,,,,,,,,,,,,,,,,,,,,,,,,,,,,,,,,,,,,,,,,,,,,,,,,,,,,,
,,,,Eagle Creek,2.5,"v_periwinkle, i_creeping_buttercup, n_sword_fern",3,,,,,,,,,,,,,,,,,,,,,,,,,,,,,,,,,,,,,,,,,,,,,,,,,,,,,,,,,,,,,,,,,,,,,,,,,,,,,,,,,,,,,,,,,,,,,,,,,,,,
,,,,Eagle Creek,2.5,i_creeping_buttercup,1,,,,,,,,,,,,,,,,,,,,,,,,,,,,,,,,,,,,,,,,,,,,,,,,,,,,,,,,,,,,,,,,,,,,,,,,,,,,,,,,,,,,,,,,,,,,,,,,,,,,
,,,,Eagle Creek,2.5,"n_osoberry, i_creeping_buttercup, n_sword_fern, n_herb_robert",4,,,,,,,,,,,,,,,,,,,,,,,,,,,,,,,,,,,,,,,,,,,,,,,,,,,,,,,,,,,,,,,,,,,,,,,,,,,,,,,,,,,,,,,,,,,,,,,,,,,,
,,,,Eagle Creek,5,"i_foxglove, n_herb_robert",2,,,,,,,,,,,,,,,,,,,,,,,,,,,,,,,,,,,,,,,,,,,,,,,,,,,,,,,,,,,,,,,,,,,,,,,,,,,,,,,,,,,,,,,,,,,,,,,,,,,,
,,,,Eagle Creek,5,"u_watercress, n_herb_robert",2,,,,,,,,,,,,,,,,,,,,,,,,,,,,,,,,,,,,,,,,,,,,,,,,,,,,,,,,,,,,,,,,,,,,,,,,,,,,,,,,,,,,,,,,,,,,,,,,,,,,
,,,,Eagle Creek,5,n_herb_robert,1,,,,,,,,,,,,,,,,,,,,,,,,,,,,,,,,,,,,,,,,,,,,,,,,,,,,,,,,,,,,,,,,,,,,,,,,,,,,,,,,,,,,,,,,,,,,,,,,,,,,
,,,,Eagle Creek,5,0,0,,,,,,,,,,,,,,,,,,,,,,,,,,,,,,,,,,,,,,,,,,,,,,,,,,,,,,,,,,,,,,,,,,,,,,,,,,,,,,,,,,,,,,,,,,,,,,,,,,,,
,,,,Eagle Creek,5,0,0,,,,,,,,,,,,,,,,,,,,,,,,,,,,,,,,,,,,,,,,,,,,,,,,,,,,,,,,,,,,,,,,,,,,,,,,,,,,,,,,,,,,,,,,,,,,,,,,,,,,
,,,,Eagle Creek,5,"i_wall_lettuce, u_watercress, n_herb_robert",3,,,,,,,,,,,,,,,,,,,,,,,,,,,,,,,,,,,,,,,,,,,,,,,,,,,,,,,,,,,,,,,,,,,,,,,,,,,,,,,,,,,,,,,,,,,,,,,,,,,,
,,,,Eagle Creek,5,"n_sword_fern, i_wall_lettuce, u_watercress, n_herb_robert",4,,,,,,,,,,,,,,,,,,,,,,,,,,,,,,,,,,,,,,,,,,,,,,,,,,,,,,,,,,,,,,,,,,,,,,,,,,,,,,,,,,,,,,,,,,,,,,,,,,,,
,,,,Eagle Creek,5,"i_wall_lettuce, n_herb_robert",2,,,,,,,,,,,,,,,,,,,,,,,,,,,,,,,,,,,,,,,,,,,,,,,,,,,,,,,,,,,,,,,,,,,,,,,,,,,,,,,,,,,,,,,,,,,,,,,,,,,,
,,,,Eagle Creek,5,"i_wall_lettuce, u_watercress, n_herb_robert",3,,,,,,,,,,,,,,,,,,,,,,,,,,,,,,,,,,,,,,,,,,,,,,,,,,,,,,,,,,,,,,,,,,,,,,,,,,,,,,,,,,,,,,,,,,,,,,,,,,,,
,,,,Eagle Creek,5,n_herb_robert,1,,,,,,,,,,,,,,,,,,,,,,,,,,,,,,,,,,,,,,,,,,,,,,,,,,,,,,,,,,,,,,,,,,,,,,,,,,,,,,,,,,,,,,,,,,,,,,,,,,,,
